"","Team","G","MP","FG","FGA","FG.","X3P","X3PA","X3P.","X2P","X2PA","X2P.","FT","FTA","FT.","ORB","DRB","TRB","AST","STL","BLK","TOV","PF","PTS","yearEnd.x","Age","W","L","PW","PL","MOV","SOS","SRS","ORtg","DRtg","NRtg","Pace","FTr","X3PAr","TS.","yearEnd.y"
"1","Atlanta Hawks",67,16280,39,86.8,0.449,11.5,34.6,0.333,27.4,52.2,0.525,17.7,22.4,0.79,9.5,32,41.5,23,7.5,4.9,15.5,22.2,107.2,2020,24.1,20,47,18,49,-7.97,0.27,-7.71,107.2,114.8,-7.6,103,0.258,0.398,0.554,2020
"2","Boston Celtics*",72,17430,41.1,89.3,0.461,12.5,34.4,0.364,28.6,54.8,0.522,18.5,23.1,0.801,10.6,35.3,45.9,22.9,8.2,5.6,13.8,21.5,113.3,2020,25.3,48,24,50,22,6.31,-0.47,5.83,113.3,107,6.3,99.5,0.259,0.386,0.57,2020
"3","Brooklyn Nets*",72,17480,39.4,88,0.448,12.7,37.2,0.343,26.6,50.8,0.524,17.5,23.4,0.745,10.4,36.3,46.7,23.8,6.3,4.4,14.9,20.4,108.9,2020,26.3,35,37,35,37,-0.57,-0.44,-1.01,108.9,109.5,-0.6,101.4,0.267,0.423,0.554,2020
"4","Charlotte Hornets",65,15750,38.6,88.8,0.434,12.5,35.5,0.352,26.1,53.4,0.489,16.7,22.4,0.748,11.4,32.9,44.2,24.6,6.8,4.3,15.1,19.5,106.3,2020,24.3,23,42,19,46,-6.75,-0.28,-7.03,106.3,113.3,-7,95.8,0.252,0.399,0.539,2020
"5","Chicago Bulls",65,15675,39.5,88.5,0.447,12.2,35.1,0.348,27.3,53.5,0.511,15.5,20.5,0.755,10.4,31.4,41.8,23.2,10,4.1,15.4,21.8,106.7,2020,24.4,22,43,26,39,-3.08,-0.93,-4,106.7,109.8,-3.1,99.7,0.231,0.396,0.547,2020
"6","Cleveland Cavaliers",65,15725,40.5,88.4,0.458,11.2,32,0.351,29.3,56.4,0.519,15.2,20,0.758,10.9,33.6,44.5,23.2,6.9,3.3,16.6,18.4,107.5,2020,25,19,46,18,47,-7.89,0.12,-7.77,107.5,115.4,-7.9,98.7,0.227,0.362,0.553,2020
"7","Dallas Mavericks*",75,18175,41.5,90,0.461,15.1,41.1,0.367,26.4,48.9,0.541,18.5,23.8,0.779,10.5,36.3,46.8,24.6,6.1,4.8,12.7,19.4,116.7,2020,26.1,43,32,49,26,4.95,-0.07,4.87,116.7,111.7,5,99.3,0.264,0.457,0.581,2020
"8","Denver Nuggets*",73,17745,42.7,90.4,0.473,11.2,31.1,0.359,31.6,59.2,0.533,16.5,21.3,0.777,10.9,33.9,44.9,27.2,8.2,4.7,14,20.7,113.1,2020,25.6,46,27,41,32,2.11,0.24,2.35,113.1,111,2.1,97.1,0.235,0.344,0.567,2020
"9","Detroit Pistons",66,15965,40,87.2,0.459,12.2,33.2,0.367,27.8,53.9,0.515,16.9,22.7,0.743,9.9,32.5,42.4,24.5,7.5,4.6,15.5,20,109,2020,25.9,20,46,26,40,-3.56,-0.82,-4.38,109,112.7,-3.7,97.6,0.261,0.381,0.561,2020
"10","Golden State Warriors",65,15725,38.2,87.2,0.438,10.3,30.9,0.334,27.9,56.3,0.495,18.5,23,0.803,9.8,32.5,42.4,25.3,8.1,4.5,14.7,19.8,105.2,2020,24.4,15,50,16,49,-8.71,0.59,-8.12,105.2,113.8,-8.6,100.3,0.264,0.355,0.54,2020
"11","Houston Rockets*",72,17380,39.1,86.7,0.451,15,43.4,0.345,24.1,43.3,0.557,19.8,25,0.791,9.4,33.1,42.4,20.7,8.3,4.9,14.1,20.8,112.9,2020,29.2,44,28,42,30,2.96,0.17,3.13,112.9,110.1,2.8,103.7,0.288,0.501,0.578,2020
"12","Indiana Pacers*",73,17620,42.3,88.9,0.476,10.2,28.2,0.363,32.1,60.7,0.529,15.1,19.2,0.787,8.8,34.3,43,26,7.5,5.2,13.3,19.9,110,2020,25.6,45,28,41,32,1.96,-0.33,1.63,110,108,2,98.9,0.216,0.317,0.565,2020
"13","Los Angeles Clippers*",72,17380,40.7,87.4,0.466,12.2,32.8,0.371,28.5,54.6,0.522,20.4,25.8,0.791,10.4,36.2,46.7,23.2,6.9,4.6,14.3,21.7,113.9,2020,27.4,49,23,50,22,6.44,0.21,6.66,113.9,107.6,6.3,101.5,0.295,0.375,0.577,2020
"14","Los Angeles Lakers*",71,17090,41.8,87.2,0.48,10.9,31.2,0.349,30.9,56,0.552,17.5,24,0.729,10.5,34.6,45.2,25.1,8.5,6.5,15,20.5,112,2020,29.5,52,19,48,23,5.79,0.49,6.28,112,106.3,5.7,100.9,0.276,0.358,0.573,2020
"15","Memphis Grizzlies",73,17570,41.3,88.1,0.468,10.6,30.5,0.347,30.7,57.6,0.532,16.1,21.1,0.763,10,35.1,45.1,26.1,7.7,5.3,14.8,20.5,109.2,2020,24.1,34,39,34,39,-1.07,0.16,-0.91,109.2,110.3,-1.1,102.8,0.24,0.346,0.561,2020
"16","Miami Heat*",73,17745,39.6,84.7,0.468,13.5,35.5,0.379,26.1,49.2,0.532,19.8,25.3,0.783,8.5,36,44.5,26,7.5,4.6,15,20.6,112.5,2020,25.9,44,29,43,30,2.95,-0.35,2.59,112.5,109.5,3,98.3,0.299,0.419,0.587,2020
"17","Milwaukee Bucks*",73,17595,41,86.1,0.476,13.1,36.9,0.355,27.9,49.3,0.567,17.3,23.4,0.742,9,40,49,24.5,6.8,5.6,14.3,18.6,112.4,2020,29.2,56,17,57,16,10.08,-0.67,9.41,112.4,102.9,9.5,105.1,0.271,0.428,0.583,2020
"18","Minnesota Timberwolves",64,15560,38.6,87.5,0.441,12.7,37.9,0.336,25.9,49.6,0.521,18.2,24.2,0.753,10.1,32.7,42.8,22.7,8.3,5.4,14.6,20.4,108.1,2020,24.8,19,45,24,40,-4.3,0.28,-4.02,108.1,112.2,-4.1,103.4,0.277,0.433,0.551,2020
"19","New Orleans Pelicans",72,17430,40.7,87.6,0.465,13,35.3,0.37,27.6,52.3,0.528,16.3,22.4,0.729,10.6,33.9,44.4,25.6,7.2,4.8,15.7,20.2,110.7,2020,25.4,30,42,33,39,-1.29,0.74,-0.55,110.7,111.9,-1.2,103.7,0.256,0.403,0.568,2020
"20","New York Knicks",66,15965,40.2,89.9,0.447,9.6,28.5,0.337,30.6,61.4,0.499,16.4,23.6,0.694,12.1,34.7,46.8,22.2,7.7,4.8,14.4,22.3,106.5,2020,24.5,21,45,20,46,-6.45,-0.26,-6.72,106.5,113,-6.5,98.6,0.263,0.318,0.531,2020
"21","Oklahoma City Thunder*",72,17430,40.1,85.8,0.468,10.7,30.3,0.355,29.4,55.6,0.529,19.8,24.9,0.796,8.3,34.8,43,21.8,7.7,4.9,13.7,19.4,110.8,2020,25.5,44,28,41,31,1.99,0.34,2.33,110.8,108.8,2,98.8,0.29,0.353,0.573,2020
"22","Orlando Magic*",73,17570,39.8,89.6,0.444,11.2,32.6,0.343,28.6,57,0.502,17.8,22.9,0.774,10.4,34.6,45,24.2,8.3,5.5,13,18.5,108.5,2020,26.1,33,40,34,39,-1.01,0.09,-0.93,108.5,109.5,-1,98.6,0.256,0.364,0.544,2020
"23","Philadelphia 76ers*",73,17595,41.3,88.4,0.468,11.7,31.8,0.368,29.6,56.6,0.524,17,22.6,0.755,10.5,35.2,45.7,26,8.1,5.4,14.3,21.1,111.3,2020,26.3,43,30,42,31,2.38,-0.13,2.25,111.3,109,2.3,99,0.255,0.36,0.566,2020
"24","Phoenix Suns",73,17595,40.5,86.5,0.468,11.2,31.2,0.358,29.3,55.3,0.529,19.5,23.4,0.834,9.6,33.2,42.8,26.7,7.5,3.9,14.5,21.7,111.7,2020,24.6,34,39,37,36,0.22,0.35,0.56,111.7,111.4,0.3,101.3,0.271,0.361,0.576,2020
"25","Portland Trail Blazers*",74,17835,41.7,90.2,0.463,12.7,33.7,0.377,29,56.4,0.514,17.5,21.8,0.804,10.1,34.7,44.8,20.4,6.2,6,12.6,21.5,113.7,2020,27.5,35,39,34,40,-1.15,0.54,-0.61,113.7,114.8,-1.1,100.7,0.242,0.374,0.57,2020
"26","Sacramento Kings",72,17455,40.9,88.4,0.462,12.7,34.9,0.364,28.2,53.5,0.527,15.7,20.3,0.77,9.7,33,42.6,23.8,7.7,4.1,14.5,22.2,110.2,2020,27,31,41,31,41,-2.04,0.46,-1.59,110.2,112.2,-2,98.9,0.23,0.395,0.566,2020
"27","San Antonio Spurs",71,17215,41.6,88.1,0.472,10.5,28,0.376,31,60.1,0.516,18.7,23.1,0.81,8.9,35.1,44,24.3,7.2,5.4,12.4,19.1,112.4,2020,27.6,32,39,33,38,-1.11,0.46,-0.65,112.4,113.5,-1.1,100.5,0.262,0.318,0.572,2020
"28","Toronto Raptors*",72,17380,39.6,86.6,0.458,13.6,36.4,0.374,26,50.2,0.519,18.2,22.9,0.796,9.4,35.3,44.7,24.9,8.7,4.9,14.6,21.3,111.1,2020,26.6,53,19,50,22,6.24,-0.26,5.97,111.1,105,6.1,100.9,0.264,0.421,0.574,2020
"29","Utah Jazz*",72,17355,40.5,85.9,0.471,13.5,35.6,0.38,27,50.4,0.535,17.9,23,0.779,9.2,36.1,45.3,22.6,6.1,4.1,15.3,20.6,112.3,2020,27.3,44,28,42,30,2.47,0.05,2.52,112.3,109.9,2.4,98.6,0.268,0.414,0.585,2020
"30","Washington Wizards",72,17355,40.3,88.1,0.457,11.6,31.6,0.368,28.6,56.6,0.506,18.8,23.8,0.788,9.9,30.9,40.8,24.3,7.7,4.2,13.7,22,110.9,2020,25.1,25,47,26,46,-4.67,-0.57,-5.24,110.9,115.5,-4.6,102.7,0.27,0.358,0.562,2020
